filename,width,height,class,xmin,ymin,xmax,ymax
IMG_2549.jpg,1179,862,이한상,336,174,377,274
IMG_2549.jpg,1179,862,이지환,448,145,542,239
IMG_2549.jpg,1179,862,배종성,653,263,736,345
IMG_2549.jpg,1179,862,양지수,153,215,224,333
IMG_2549.jpg,1179,862,임종욱,18,239,136,404
IMG_2549.jpg,1179,862,장은지,65,492,277,751
IMG_2549.jpg,1179,862,박준희,448,539,771,862
IMG_2549.jpg,1179,862,정지영,824,363,977,551
IMG_2549.jpg,1179,862,임채원,1048,392,1179,615
IMG_2548.jpg,1179,797,정한직,59,266,206,436
IMG_2548.jpg,1179,797,조하영,112,489,289,695
IMG_2548.jpg,1179,797,김병현,295,354,383,472
IMG_2548.jpg,1179,797,전효진,406,378,424,466
IMG_2548.jpg,1179,797,임채원,465,342,530,507
IMG_2548.jpg,1179,797,강래현,589,325,653,442
IMG_2548.jpg,1179,797,김성은,706,266,777,378
IMG_2548.jpg,1179,797,장은지,648,431,795,583
IMG_2548.jpg,1179,797,정지영,836,354,901,483
IMG_2548.jpg,1179,797,강수민,948,260,1165,536
IMG_2552.JPG,3648,2736,신주환,3264,838,3648,1578
IMG_2552.JPG,3648,2736,양지수,2824,1978,3164,2398
IMG_2552.JPG,3648,2736,김태린,2864,1478,3164,1758
IMG_2552.JPG,3648,2736,박가희,824,1458,1124,1778
IMG_2552.JPG,3648,2736,김성은,2244,1278,2544,1538
IMG_2552.JPG,3648,2736,이한상,1284,858,1424,1118
IMG_2552.JPG,3648,2736,강래현,1144,498,1304,718
IMG_2552.JPG,3648,2736,임종욱,1424,518,1584,738
IMG_2552.JPG,3648,2736,서현일,1684,538,1824,718
IMG_2547.jpg,1179,1427,장은지,159,475,306,616
IMG_2547.jpg,1179,1427,임채원,330,451,471,598
IMG_2547.jpg,1179,1427,조하영,536,451,695,610
IMG_2547.jpg,1179,1427,정지영,706,369,853,528
IMG_2551.JPG,2268,4032,황현범,1,1988,322,2299
IMG_2551.JPG,2268,4032,강수민,422,1844,667,2132
IMG_2551.JPG,2268,4032,임채원,734,1832,934,2099
IMG_2551.JPG,2268,4032,정지영,967,1810,1111,2021
IMG_2551.JPG,2268,4032,박준희,1278,1688,1434,1910
IMG_2551.JPG,2268,4032,장은지,1289,2044,1511,2299
IMG_2551.JPG,2268,4032,배종성,1600,1799,1778,1932
IMG_2551.JPG,2268,4032,이지환,1978,1755,2178,1944
IMG_2550.JPG,2736,3648,박준희,1839,1616,2639,2602
IMG_2550.JPG,2736,3648,류근관,1982,1088,2353,1574
IMG_2550.JPG,2736,3648,정지영,1453,1345,1753,1602
IMG_2550.JPG,2736,3648,김병현,868,1388,1139,1845
IMG_2550.JPG,2736,3648,양은정,1168,1588,1396,1831
IMG_2550.JPG,2736,3648,박동근,1225,1074,1411,1359
IMG_2550.JPG,2736,3648,김소현,253,1588,582,1831
IMG_2550.JPG,2736,3648,선소휘,282,1188,496,1502
